<?xml version="1.0" encoding="UTF-8"?>
<beans xmlns="http://www.springframework.org/schema/beans"
	xmlns:xsi="http://www.w3.org/2001/XMLSchema-instance"
	xmlns:jdbc="http://www.springframework.org/schema/jdbc"
	xmlns:c="http://www.springframework.org/schema/c"
	xmlns:p="http://www.springframework.org/schema/p"
	xmlns:context="http://www.springframework.org/schema/context"
	xmlns:tx="http://www.springframework.org/schema/tx"
	xsi:schemaLocation="http://www.springframework.org/schema/jdbc http://www.springframework.org/schema/jdbc/spring-jdbc-3.2.xsd
		http://www.springframework.org/schema/beans http://www.springframework.org/schema/beans/spring-beans.xsd
		http://www.springframework.org/schema/tx http://www.springframework.org/schema/tx/spring-tx-3.2.xsd
		http://www.springframework.org/schema/context http://www.springframework.org/schema/context/spring-context-3.2.xsd">
	<context:annotation-config />

	<bean id="jdbcTemplate"
		class="org.springframework.jdbc.core.JdbcTemplate">
		<property name="dataSource" ref="dataSource" />
	</bean>

	<bean class="com.demo.service.AuditService" />

	<bean class="com.demo.service.AccountServiceImpl" />

	<bean id="accountRepository"
		class="com.demo.repository.JdbcAccountRepositoryImpl" />

	<bean id="transactionRepository"
		class="com.demo.repository.JdbcTransactionRepositoryImpl" />

	<bean id="rewardRepository"
		class="com.demo.repository.JdbcRewardRepositoryImpl" />

	<bean id="emailService" class="com.demo.service.EmailServiceImpl" />

	<bean id="bankService" class="com.demo.service.BankServiceImpl" />

	<!-- TODO-2 configure DataSourceTransactionManager as we are using plain 
		jdbc. Inject it with dataSource -->
	<bean id="transactionManager"
		class="org.springframework.jdbc.datasource.DataSourceTransactionManager">
		<property name="dataSource" ref="dataSource" />
	</bean>

</beans>
