<?xml version="1.0" encoding="UTF-8"?>
<beans xmlns="http://www.springframework.org/schema/beans"  
	xmlns:xsi="http://www.w3.org/2001/XMLSchema-instance"  
	xsi:schemaLocation="http://www.springframework.org/schema/beans 
    http://www.springframework.org/schema/beans/spring-beans-4.0.xsd">

	<bean id="line"   class="springdemo.model.Line">
		<property name="pointA"   ref="point1"></property>
		<property name="pointB" ref="point2"></property>
	</bean>
	<bean id="point1"   class="springdemo.model.Point">
		<property name="x" value="1"></property>
		<property name="y" value="1"></property>
	</bean>
	<bean id="point2" class="springdemo.model.Point">
		<property name="x" value="10"></property>
		<property name="y" value="10"></property>
	</bean>
</beans> 
